Nombre_comun,Nombre_oficial,Pais_independiente,Moneda_nombre,Moneda_simbolo,Capital,Region,Subregion,Continente,Lenguaje,Url_googe_maps,Poblacion,Gini_valor,Gini_year
Jordan,Hashemite Kingdom of Jordan,True,Jordanian dinar,JOD,Amman,Asia,Western Asia,Asia,Arabic,https://goo.gl/maps/ko1dzSDKg8Gsi9A98,10203140,33.7,2010
Northern Mariana Islands,Commonwealth of the Northern Mariana Islands,False,United States dollar,USD,Saipan,Oceania,Micronesia,Oceania,Carolinian,https://goo.gl/maps/cpZ67knoRAcfu1417,57557,,
Serbia,Republic of Serbia,True,Serbian dinar,RSD,Belgrade,Europe,Southeast Europe,Europe,Serbian,https://goo.gl/maps/2Aqof7aV2Naq8YEK8,6908224,36.2,2017
Andorra,Principality of Andorra,True,Euro,EUR,Andorra la Vella,Europe,Southern Europe,Europe,Catalan,https://goo.gl/maps/JqAnacWE2qEznKgw7,77265,,
Turks and Caicos Islands,Turks and Caicos Islands,False,United States dollar,USD,Cockburn Town,Americas,Caribbean,North America,English,https://goo.gl/maps/R8VUDQfwZiFtvmyn8,38718,,
Bermuda,Bermuda,False,Bermudian dollar,BMD,Hamilton,Americas,North America,North America,English,https://goo.gl/maps/NLsRGNjTzDghTtAJA,63903,,
Antarctica,Antarctica,False,,,,Antarctic,,Antarctica,,https://goo.gl/maps/kyBuJriu4itiXank7,1000,,
Bolivia,Plurinational State of Bolivia,True,Bolivian boliviano,BOB,Sucre,Americas,South America,South America,Aymara,https://goo.gl/maps/9DfnyfbxNM2g5U9b9,11673029,41.6,2019
Libya,State of Libya,True,Libyan dinar,LYD,Tripoli,Africa,Northern Africa,Africa,Arabic,https://goo.gl/maps/eLgGnaQWcJEdYRMy5,6871287,,
Mali,Republic of Mali,True,West African CFA franc,XOF,Bamako,Africa,Western Africa,Africa,French,https://goo.gl/maps/u9mYJkCB19wyuzh27,20250834,33.0,2009
Armenia,Republic of Armenia,True,Armenian dram,AMD,Yerevan,Asia,Western Asia,Asia,Armenian,https://goo.gl/maps/azWUtK9bUQYEyccbA,2963234,29.9,2019
Mauritius,Republic of Mauritius,True,Mauritian rupee,MUR,Port Louis,Africa,Eastern Africa,Africa,English,https://goo.gl/maps/PpKtZ4W3tir5iGrz7,1265740,36.8,2017
Maldives,Republic of the Maldives,True,Maldivian rufiyaa,MVR,Malé,Asia,Southern Asia,Asia,Maldivian,https://goo.gl/maps/MNAWGq9vEdbZ9vUV7,540542,31.3,2016
American Samoa,American Samoa,False,United States dollar,USD,Pago Pago,Oceania,Polynesia,Oceania,English,https://goo.gl/maps/Re9ePMjwP1sFCBFA6,55197,,
North Macedonia,Republic of North Macedonia,True,denar,MKD,Skopje,Europe,Southeast Europe,Europe,Macedonian,https://goo.gl/maps/55Q8MEnF6ACdu3q79,2077132,33.0,2018
Ethiopia,Federal Democratic Republic of Ethiopia,True,Ethiopian birr,ETB,Addis Ababa,Africa,Eastern Africa,Africa,Amharic,https://goo.gl/maps/2Q4hQWCbhuZLj3fG6,114963583,35.0,2015
Greenland,Greenland,False,krone,DKK,Nuuk,Americas,North America,North America,Greenlandic,https://goo.gl/maps/j3289UPEQXt1ceSy8,56367,,
Iraq,Republic of Iraq,True,Iraqi dinar,IQD,Baghdad,Asia,Western Asia,Asia,Arabic,https://goo.gl/maps/iL8Bmy1sUCW9fUk18,40222503,29.5,2012
Guatemala,Republic of Guatemala,True,Guatemalan quetzal,GTQ,Guatemala City,Americas,Central America,North America,Spanish,https://goo.gl/maps/JoRAbem4Hxb9FYbVA,16858333,48.3,2014
Trinidad and Tobago,Republic of Trinidad and Tobago,True,Trinidad and Tobago dollar,TTD,Port of Spain,Americas,Caribbean,North America,English,https://goo.gl/maps/NrRfDEWoG8FGZqWY7,1399491,40.3,1992
Peru,Republic of Peru,True,Peruvian sol,PEN,Lima,Americas,South America,South America,Aymara,https://goo.gl/maps/uDWEUaXNcZTng1fP6,32971846,41.5,2019
Suriname,Republic of Suriname,True,Surinamese dollar,SRD,Paramaribo,Americas,South America,South America,Dutch,https://goo.gl/maps/iy7TuQLSi4qgoBoG7,586634,57.9,1999
Sweden,Kingdom of Sweden,True,Swedish krona,SEK,Stockholm,Europe,Northern Europe,Europe,Swedish,https://goo.gl/maps/iqygE491ADVgnBW39,10353442,30.0,2018
New Caledonia,New Caledonia,False,CFP franc,XPF,Nouméa,Oceania,Melanesia,Oceania,French,https://goo.gl/maps/cBhtCeMdob4U7FRU9,271960,,
French Polynesia,French Polynesia,False,CFP franc,XPF,Papeetē,Oceania,Polynesia,Oceania,French,https://goo.gl/maps/xgg6BQTRyeQg4e1m6,280904,,
Benin,Republic of Benin,True,West African CFA franc,XOF,Porto-Novo,Africa,Western Africa,Africa,French,https://goo.gl/maps/uMw1BsHEXQYgVFFu6,12123198,47.8,2015
Estonia,Republic of Estonia,True,Euro,EUR,Tallinn,Europe,Northern Europe,Europe,Estonian,https://goo.gl/maps/6SsynwGUodL1sDvq8,1331057,30.3,2018
Falkland Islands,Falkland Islands,False,Falkland Islands pound,FKP,Stanley,Americas,South America,South America,English,https://goo.gl/maps/TZH1x7AGanQKifNk7,2563,,
Guam,Guam,False,United States dollar,USD,Hagåtña,Oceania,Micronesia,Oceania,Chamorro,https://goo.gl/maps/Xfnq2i279b18cH3C9,168783,,
Zimbabwe,Republic of Zimbabwe,True,Zimbabwean dollar,ZWL,Harare,Africa,Southern Africa,Africa,Chibarwe,https://goo.gl/maps/M26BqdwQctqxXS65A,14862927,50.3,2019
Slovakia,Slovak Republic,True,Euro,EUR,Bratislava,Europe,Central Europe,Europe,Slovak,https://goo.gl/maps/uNSH2wW4bLoZVYJj7,5458827,25.0,2018
Netherlands,Kingdom of the Netherlands,True,Euro,EUR,Amsterdam,Europe,Western Europe,Europe,Dutch,https://goo.gl/maps/Hv6zQswGhFxoVVBm6,16655799,28.1,2018
Ecuador,Republic of Ecuador,True,United States dollar,USD,Quito,Americas,South America,South America,Spanish,https://goo.gl/maps/TbX8hUW4gcbRPZiK7,17643060,45.7,2019
Saudi Arabia,Kingdom of Saudi Arabia,True,Saudi riyal,SAR,Riyadh,Asia,Western Asia,Asia,Arabic,https://goo.gl/maps/5PSjvdJ1AyaLFRrG9,34813867,,
United Arab Emirates,United Arab Emirates,True,United Arab Emirates dirham,AED,Abu Dhabi,Asia,Western Asia,Asia,Arabic,https://goo.gl/maps/AZZTDA6GzVAnKMVd8,9890400,26.0,2018
Afghanistan,Islamic Republic of Afghanistan,True,Afghan afghani,AFN,Kabul,Asia,Southern Asia,Asia,Dari,https://goo.gl/maps/BXBGw7yUUFknCfva9,40218234,,
United States Minor Outlying Islands,United States Minor Outlying Islands,False,United States dollar,USD,Washington DC,Americas,North America,Oceania,English,https://goo.gl/maps/hZKnrzgeK69dDyPF8,300,,
Central African Republic,Central African Republic,True,Central African CFA franc,XAF,Bangui,Africa,Middle Africa,Africa,French,https://goo.gl/maps/51V8dsi2rGYC9n3c9,4829764,56.2,2008
Panama,Republic of Panama,True,Panamanian balboa,PAB,Panama City,Americas,Central America,North America,Spanish,https://goo.gl/maps/sEN7sKqeawa5oPNLA,4314768,49.8,2019
Vatican City,Vatican City State,True,Euro,EUR,Vatican City,Europe,Southern Europe,Europe,Italian,https://goo.gl/maps/DTKvw5Bd1QZaDZmE8,451,,
Syria,Syrian Arab Republic,True,Syrian pound,SYP,Damascus,Asia,Western Asia,Asia,Arabic,https://goo.gl/maps/Xe3VnFbwdb4nv2SM9,17500657,37.5,2003
Vanuatu,Republic of Vanuatu,True,Vanuatu vatu,VUV,Port Vila,Oceania,Melanesia,Oceania,Bislama,https://goo.gl/maps/hwAjehcT7VfvP5zJ8,307150,37.6,2010
Honduras,Republic of Honduras,True,Honduran lempira,HNL,Tegucigalpa,Americas,Central America,North America,Spanish,https://goo.gl/maps/BbeJK8Sk2VkMHbdF8,9904608,48.2,2019
Kiribati,Independent and Sovereign Republic of Kiribati,True,Australian dollar,AUD,South Tarawa,Oceania,Micronesia,Oceania,English,https://goo.gl/maps/NBfYvrndW4skAimw9,119446,37.0,2006
Chile,Republic of Chile,True,Chilean peso,CLP,Santiago,Americas,South America,South America,Spanish,https://goo.gl/maps/XboxyNHh2fAjCPNn9,19116209,44.4,2017
Burkina Faso,Burkina Faso,True,West African CFA franc,XOF,Ouagadougou,Africa,Western Africa,Africa,French,https://goo.gl/maps/rKRmpcMbFher2ozb7,20903278,35.3,2014
Saint Kitts and Nevis,Federation of Saint Christopher and Nevis,True,Eastern Caribbean dollar,XCD,Basseterre,Americas,Caribbean,North America,English,https://goo.gl/maps/qiaVwcLVTXX3eoTNA,53192,,
Saint Barthélemy,Collectivity of Saint Barthélemy,False,Euro,EUR,Gustavia,Americas,Caribbean,North America,French,https://goo.gl/maps/Mc7GqH466S7AAk297,4255,,
Mexico,United Mexican States,True,Mexican peso,MXN,Mexico City,Americas,North America,North America,Spanish,https://goo.gl/maps/s5g7imNPMDEePxzbA,128932753,45.4,2018
China,People's Republic of China,True,Chinese yuan,CNY,Beijing,Asia,Eastern Asia,Asia,Chinese,https://goo.gl/maps/p9qC6vgiFRRXzvGi7,1402112000,38.5,2016
Timor-Leste,Democratic Republic of Timor-Leste,True,United States dollar,USD,Dili,Asia,South-Eastern Asia,Oceania,Portuguese,https://goo.gl/maps/sFqBC9zjgUXPR1iTA,1318442,28.7,2014
British Indian Ocean Territory,British Indian Ocean Territory,False,United States dollar,USD,Diego Garcia,Africa,Eastern Africa,Asia,English,https://goo.gl/maps/bheNucgekVEYozoi6,3000,,
South Sudan,Republic of South Sudan,True,South Sudanese pound,SSP,Juba,Africa,Middle Africa,Africa,English,https://goo.gl/maps/Zm1AYCXb9HSNF1P27,11193729,44.1,2016
Eswatini,Kingdom of Eswatini,True,Swazi lilangeni,SZL,Mbabane,Africa,Southern Africa,Africa,English,https://goo.gl/maps/cUY79eqQihFSE8hV6,1160164,54.6,2016
Uzbekistan,Republic of Uzbekistan,True,Uzbekistani soʻm,UZS,Tashkent,Asia,Central Asia,Asia,Russian,https://goo.gl/maps/AJpo6MjMx23qSWCz8,34232050,35.3,2003
Indonesia,Republic of Indonesia,True,Indonesian rupiah,IDR,Jakarta,Asia,South-Eastern Asia,Asia,Indonesian,https://goo.gl/maps/9gfPupm5bffixiFJ6,273523621,38.2,2019
Paraguay,Republic of Paraguay,True,Paraguayan guaraní,PYG,Asunción,Americas,South America,South America,Guaraní,https://goo.gl/maps/JtnqG73WJn1Gx6mz6,7132530,45.7,2019
Monaco,Principality of Monaco,True,Euro,EUR,Monaco,Europe,Western Europe,Europe,French,https://goo.gl/maps/DGpndDot28bYdXYn7,39244,,
Grenada,Grenada,True,Eastern Caribbean dollar,XCD,St. George's,Americas,Caribbean,North America,English,https://goo.gl/maps/rqWyfUAt4xhvk1Zy9,112519,,
Croatia,Republic of Croatia,True,Euro,EUR,Zagreb,Europe,Southeast Europe,Europe,Croatian,https://goo.gl/maps/qSG6xTKUmrYpwmGQ6,4047200,29.7,2018
Poland,Republic of Poland,True,Polish złoty,PLN,Warsaw,Europe,Central Europe,Europe,Polish,https://goo.gl/maps/gY9Xw4Sf4415P4949,37950802,30.2,2018
Bosnia and Herzegovina,Bosnia and Herzegovina,True,Bosnia and Herzegovina convertible mark,BAM,Sarajevo,Europe,Southeast Europe,Europe,Bosnian,https://www.google.com/maps/place/Bosnia+and+Herzegovina,3280815,33.0,2011
Canada,Canada,True,Canadian dollar,CAD,Ottawa,Americas,North America,North America,English,https://goo.gl/maps/jmEVLugreeqiZXxbA,38005238,33.3,2017
Portugal,Portuguese Republic,True,Euro,EUR,Lisbon,Europe,Southern Europe,Europe,Portuguese,https://goo.gl/maps/BaTBSyc4GWMmbAKB8,10305564,33.5,2018
Brazil,Federative Republic of Brazil,True,Brazilian real,BRL,Brasília,Americas,South America,South America,Portuguese,https://goo.gl/maps/waCKk21HeeqFzkNC9,212559409,53.4,2019
Mauritania,Islamic Republic of Mauritania,True,Mauritanian ouguiya,MRU,Nouakchott,Africa,Western Africa,Africa,Arabic,https://goo.gl/maps/im2MmQ5jFjzxWBks5,4649660,32.6,2014
Israel,State of Israel,True,Israeli new shekel,ILS,Jerusalem,Asia,Western Asia,Asia,Arabic,https://goo.gl/maps/6UY1AH8XeafVwdC97,9216900,39.0,2016
Curaçao,Country of Curaçao,False,Netherlands Antillean guilder,ANG,Willemstad,Americas,Caribbean,North America,English,https://goo.gl/maps/9D3hTeA3qKaRT7S16,155014,,
Brunei,"Nation of Brunei, Abode of Peace",True,Brunei dollar,BND,Bandar Seri Begawan,Asia,South-Eastern Asia,Asia,Malay,https://goo.gl/maps/4jb4CqBXhr8vNh579,437483,,
Angola,Republic of Angola,True,Angolan kwanza,AOA,Luanda,Africa,Middle Africa,Africa,Portuguese,https://goo.gl/maps/q42Qbf1BmQL3fuZg9,32866268,51.3,2018
Malta,Republic of Malta,True,Euro,EUR,Valletta,Europe,Southern Europe,Europe,English,https://goo.gl/maps/skXCqguxDxxEKVk47,525285,28.7,2018
Belarus,Republic of Belarus,True,Belarusian ruble,BYN,Minsk,Europe,Eastern Europe,Europe,Belarusian,https://goo.gl/maps/PJUDU3EBPSszCQcu6,9398861,25.3,2019
Turkey,Republic of Turkey,True,Turkish lira,TRY,Ankara,Asia,Western Asia,Asia,Turkish,https://goo.gl/maps/dXFFraiUDfcB6Quk6,84339067,41.9,2019
Finland,Republic of Finland,True,Euro,EUR,Helsinki,Europe,Northern Europe,Europe,Finnish,https://goo.gl/maps/HjgWDCNKRAYHrkMn8,5530719,27.3,2018
Gibraltar,Gibraltar,False,Gibraltar pound,GIP,Gibraltar,Europe,Southern Europe,Europe,English,https://goo.gl/maps/CEoHAs1t6byCBhHFA,33691,,
Bhutan,Kingdom of Bhutan,True,Bhutanese ngultrum,BTN,Thimphu,Asia,Southern Asia,Asia,Dzongkha,https://goo.gl/maps/VEfXXBftTFLUpNgp8,771612,37.4,2017
Spain,Kingdom of Spain,True,Euro,EUR,Madrid,Europe,Southern Europe,Europe,Spanish,https://goo.gl/maps/138JaXW8EZzRVitY9,47351567,34.7,2018
Venezuela,Bolivarian Republic of Venezuela,True,Venezuelan bolívar soberano,VES,Caracas,Americas,South America,South America,Spanish,https://goo.gl/maps/KLCwDN8sec7z2kse9,28435943,44.8,2006
Qatar,State of Qatar,True,Qatari riyal,QAR,Doha,Asia,Western Asia,Asia,Arabic,https://goo.gl/maps/ZV76Y49z7LLUZ2KQ6,2881060,,
Czechia,Czech Republic,True,Czech koruna,CZK,Prague,Europe,Central Europe,Europe,Czech,https://goo.gl/maps/47dmgeXMZyhDHyQW8,10698896,25.0,2018
Kuwait,State of Kuwait,True,Kuwaiti dinar,KWD,Kuwait City,Asia,Western Asia,Asia,Arabic,https://goo.gl/maps/aqr3aNQjS1BAvksJ7,4270563,,
Montenegro,Montenegro,True,Euro,EUR,Podgorica,Europe,Southeast Europe,Europe,Montenegrin,https://goo.gl/maps/4THX1fM7WqANuPbB8,621718,38.5,2016
Bouvet Island,Bouvet Island,False,,,,Antarctic,,Antarctica,Norwegian,https://goo.gl/maps/7WRQAEKZb4uK36yi9,0,,
India,Republic of India,True,Indian rupee,INR,New Delhi,Asia,Southern Asia,Asia,English,https://goo.gl/maps/WSk3fLwG4vtPQetp7,1380004385,35.7,2011
New Zealand,New Zealand,True,New Zealand dollar,NZD,Wellington,Oceania,Australia and New Zealand,Oceania,English,https://goo.gl/maps/xXiDQo65dwdpw9iu8,5084300,,
Jamaica,Jamaica,True,Jamaican dollar,JMD,Kingston,Americas,Caribbean,North America,English,https://goo.gl/maps/Z8mQ6jxnRQKFwJy9A,2961161,45.5,2004
Cayman Islands,Cayman Islands,False,Cayman Islands dollar,KYD,George Town,Americas,Caribbean,North America,English,https://goo.gl/maps/P3ZVXX3LH63t91hL8,65720,,
San Marino,Republic of San Marino,True,Euro,EUR,City of San Marino,Europe,Southern Europe,Europe,Italian,https://goo.gl/maps/rxCVJjm8dVY93RPY8,33938,,
Republic of the Congo,Republic of the Congo,True,Central African CFA franc,XAF,Brazzaville,Africa,Middle Africa,Africa,French,https://goo.gl/maps/Phf5dDDKdfCtuBTb6,5657000,48.9,2011
Pakistan,Islamic Republic of Pakistan,True,Pakistani rupee,PKR,Islamabad,Asia,Southern Asia,Asia,English,https://goo.gl/maps/5LYujdfR5yLUXoERA,220892331,31.6,2018
France,French Republic,True,Euro,EUR,Paris,Europe,Western Europe,Europe,French,https://goo.gl/maps/g7QxxSFsWyTPKuzd7,67391582,32.4,2018
Kazakhstan,Republic of Kazakhstan,True,Kazakhstani tenge,KZT,Nur-Sultan,Asia,Central Asia,Asia,Kazakh,https://goo.gl/maps/8VohJGu7ShuzZYyeA,18754440,27.8,2018
Bahrain,Kingdom of Bahrain,True,Bahraini dinar,BHD,Manama,Asia,Western Asia,Asia,Arabic,https://goo.gl/maps/5Zue99Zc6vFBHxzJ7,1701583,,
Fiji,Republic of Fiji,True,Fijian dollar,FJD,Suva,Oceania,Melanesia,Oceania,English,https://goo.gl/maps/r9fhDqoLZdg1zmE99,896444,36.7,2013
Iceland,Iceland,True,Icelandic króna,ISK,Reykjavik,Europe,Northern Europe,Europe,Icelandic,https://goo.gl/maps/WxFWSQuc3oamNxoE6,366425,26.1,2017
Myanmar,Republic of the Union of Myanmar,True,Burmese kyat,MMK,Naypyidaw,Asia,South-Eastern Asia,Asia,Burmese,https://goo.gl/maps/4jrZyJkDERUfHyp26,54409794,30.7,2017
Bangladesh,People's Republic of Bangladesh,True,Bangladeshi taka,BDT,Dhaka,Asia,Southern Asia,Asia,Bengali,https://goo.gl/maps/op6gmLbHcvv6rLhH6,164689383,32.4,2016
Philippines,Republic of the Philippines,True,Philippine peso,PHP,Manila,Asia,South-Eastern Asia,Asia,English,https://goo.gl/maps/k8T2fb5VMUfsWFX6A,109581085,42.3,2018
Equatorial Guinea,Republic of Equatorial Guinea,True,Central African CFA franc,XAF,Malabo,Africa,Middle Africa,Africa,French,https://goo.gl/maps/ucWfFd8aW1FbGMva9,1402985,,
Ireland,Republic of Ireland,True,Euro,EUR,Dublin,Europe,Northern Europe,Europe,English,https://goo.gl/maps/hxd1BKxgpchStzQC6,4994724,31.4,2017
Nepal,Federal Democratic Republic of Nepal,True,Nepalese rupee,NPR,Kathmandu,Asia,Southern Asia,Asia,Nepali,https://goo.gl/maps/UMj2zpbQp7B5c3yT7,29136808,32.8,2010
Yemen,Republic of Yemen,True,Yemeni rial,YER,Sana'a,Asia,Western Asia,Asia,Arabic,https://goo.gl/maps/WCmE76HKcLideQQw7,29825968,36.7,2014
South Korea,Republic of Korea,True,South Korean won,KRW,Seoul,Asia,Eastern Asia,Asia,Korean,https://goo.gl/maps/7ecjaJXefjAQhxjGA,51780579,31.4,2016
Denmark,Kingdom of Denmark,True,Danish krone,DKK,Copenhagen,Europe,Northern Europe,Europe,Danish,https://goo.gl/maps/UddGPN7hAyrtpFiT6,5831404,28.2,2018
Oman,Sultanate of Oman,True,Omani rial,OMR,Muscat,Asia,Western Asia,Asia,Arabic,https://goo.gl/maps/L2BoXoAwDDwWecnw5,5106622,,
Saint Vincent and the Grenadines,Saint Vincent and the Grenadines,True,Eastern Caribbean dollar,XCD,Kingstown,Americas,Caribbean,North America,English,https://goo.gl/maps/wMbnMqjG37FMnrwf7,110947,,
Eritrea,State of Eritrea,True,Eritrean nakfa,ERN,Asmara,Africa,Eastern Africa,Africa,Arabic,https://goo.gl/maps/HRyqUpnPwwG6jY5j6,5352000,,
Australia,Commonwealth of Australia,True,Australian dollar,AUD,Canberra,Oceania,Australia and New Zealand,Oceania,English,https://goo.gl/maps/DcjaDa7UbhnZTndH6,25687041,34.4,2014
Iran,Islamic Republic of Iran,True,Iranian rial,IRR,Tehran,Asia,Southern Asia,Asia,Persian (Farsi),https://goo.gl/maps/dMgEGuacBPGYQnjY7,83992953,42.0,2018
El Salvador,Republic of El Salvador,True,United States dollar,USD,San Salvador,Americas,Central America,North America,Spanish,https://goo.gl/maps/cZnCEi5sEMQtKKcB7,6486201,38.8,2019
Tanzania,United Republic of Tanzania,True,Tanzanian shilling,TZS,Dodoma,Africa,Eastern Africa,Africa,English,https://goo.gl/maps/NWYMqZYXte4zGZ2Q8,59734213,40.5,2017
Guadeloupe,Guadeloupe,False,Euro,EUR,Basse-Terre,Americas,Caribbean,North America,French,https://goo.gl/maps/Dy9R2EufJtoWm8UN9,400132,,
Solomon Islands,Solomon Islands,True,Solomon Islands dollar,SBD,Honiara,Oceania,Melanesia,Oceania,English,https://goo.gl/maps/JbPkx86Ywjv8C1n8A,686878,37.1,2012
Kenya,Republic of Kenya,True,Kenyan shilling,KES,Nairobi,Africa,Eastern Africa,Africa,English,https://goo.gl/maps/Ni9M7wcCxf8bJHLX8,53771300,40.8,2015
Dominican Republic,Dominican Republic,True,Dominican peso,DOP,Santo Domingo,Americas,Caribbean,North America,Spanish,https://goo.gl/maps/soxooTHxEeiAbn3UA,10847904,41.9,2019
Greece,Hellenic Republic,True,Euro,EUR,Athens,Europe,Southern Europe,Europe,Greek,https://goo.gl/maps/LHGcAvuRyD2iKECC6,10715549,32.9,2018
Guernsey,Bailiwick of Guernsey,False,British pound,GBP,St. Peter Port,Europe,Northern Europe,Europe,English,https://goo.gl/maps/6kXnQU5QvEZMD9VB7,62999,,
Rwanda,Republic of Rwanda,True,Rwandan franc,RWF,Kigali,Africa,Eastern Africa,Africa,English,https://goo.gl/maps/j5xb5r7CLqjYbyP86,12952209,43.7,2016
Saint Pierre and Miquelon,Saint Pierre and Miquelon,False,Euro,EUR,Saint-Pierre,Americas,North America,North America,French,https://goo.gl/maps/bUM8Yc8pA8ghyhmt6,6069,,
Tuvalu,Tuvalu,True,Australian dollar,AUD,Funafuti,Oceania,Polynesia,Oceania,English,https://goo.gl/maps/LbuUxtkgm1dfN1Pn6,11792,39.1,2010
Taiwan,Republic of China (Taiwan),False,New Taiwan dollar,TWD,Taipei,Asia,Eastern Asia,Asia,Chinese,https://goo.gl/maps/HgMKFQjNadF3Wa6B6,23503349,,
Guyana,Co-operative Republic of Guyana,True,Guyanese dollar,GYD,Georgetown,Americas,South America,South America,English,https://goo.gl/maps/DFsme2xEeugUAsCx5,786559,45.1,1998
Seychelles,Republic of Seychelles,True,Seychellois rupee,SCR,Victoria,Africa,Eastern Africa,Africa,Seychellois Creole,https://goo.gl/maps/aqCcy2TKh5TV5MAX8,98462,32.1,2018
North Korea,Democratic People's Republic of Korea,True,North Korean won,KPW,Pyongyang,Asia,Eastern Asia,Asia,Korean,https://goo.gl/maps/9q5T2DMeH5JL7Tky6,25778815,,
Botswana,Republic of Botswana,True,Botswana pula,BWP,Gaborone,Africa,Southern Africa,Africa,English,https://goo.gl/maps/E364KeLy6N4JwxwQ8,2351625,53.3,2015
Cambodia,Kingdom of Cambodia,True,Cambodian riel,KHR,Phnom Penh,Asia,South-Eastern Asia,Asia,Khmer,https://goo.gl/maps/nztQtFSrUXZymJaW8,16718971,,
Barbados,Barbados,True,Barbadian dollar,BBD,Bridgetown,Americas,Caribbean,North America,English,https://goo.gl/maps/2m36v8STvbGAWd9c7,287371,,
Colombia,Republic of Colombia,True,Colombian peso,COP,Bogotá,Americas,South America,South America,Spanish,https://goo.gl/maps/RdwTG8e7gPwS62oR6,50882884,51.3,2019
Ukraine,Ukraine,True,Ukrainian hryvnia,UAH,Kyiv,Europe,Eastern Europe,Europe,Ukrainian,https://goo.gl/maps/DvgJMiPJ7aozKFZv7,44134693,26.6,2019
Ivory Coast,Republic of Côte d'Ivoire,True,West African CFA franc,XOF,Yamoussoukro,Africa,Western Africa,Africa,French,https://goo.gl/maps/wKsmN7f5qAeNtGjP6,26378275,41.5,2015
Nauru,Republic of Nauru,True,Australian dollar,AUD,Yaren,Oceania,Micronesia,Oceania,English,https://goo.gl/maps/kyAGw6XEJgjSMsTK7,10834,34.8,2012
Namibia,Republic of Namibia,True,Namibian dollar,NAD,Windhoek,Africa,Southern Africa,Africa,Afrikaans,https://goo.gl/maps/oR1i8BFEYX3EY83WA,2540916,59.1,2015
Chad,Republic of Chad,True,Central African CFA franc,XAF,N'Djamena,Africa,Middle Africa,Africa,Arabic,https://goo.gl/maps/ziUdAZ8skuNfx5Hx7,16425859,43.3,2011
Tonga,Kingdom of Tonga,True,Tongan paʻanga,TOP,Nuku'alofa,Oceania,Polynesia,Oceania,English,https://goo.gl/maps/p5YALBY2QdEzswRo7,105697,37.6,2015
Argentina,Argentine Republic,True,Argentine peso,ARS,Buenos Aires,Americas,South America,South America,Guaraní,https://goo.gl/maps/Z9DXNxhf2o93kvyc6,45376763,42.9,2019
Christmas Island,Territory of Christmas Island,False,Australian dollar,AUD,Flying Fish Cove,Oceania,Australia and New Zealand,Asia,English,https://goo.gl/maps/ZC17hHsQZpShN5wk9,2072,,
Niger,Republic of Niger,True,West African CFA franc,XOF,Niamey,Africa,Western Africa,Africa,French,https://goo.gl/maps/VKNU2TLsZcgxM49c8,24206636,34.3,2014
Marshall Islands,Republic of the Marshall Islands,True,United States dollar,USD,Majuro,Oceania,Micronesia,Oceania,English,https://goo.gl/maps/A4xLi1XvcX88gi3W8,59194,,
Costa Rica,Republic of Costa Rica,True,Costa Rican colón,CRC,San José,Americas,Central America,North America,Spanish,https://goo.gl/maps/RFiwytjvNrpfKN7k6,5094114,48.2,2019
Ghana,Republic of Ghana,True,Ghanaian cedi,GHS,Accra,Africa,Western Africa,Africa,English,https://goo.gl/maps/Avy5RSmdsXFBaiXq8,31072945,43.5,2016
Austria,Republic of Austria,True,Euro,EUR,Vienna,Europe,Central Europe,Europe,German,https://goo.gl/maps/pCWpWQhznHyRzQcu9,8917205,30.8,2018
"Saint Helena, Ascension and Tristan da Cunha","Saint Helena, Ascension and Tristan da Cunha",False,Pound sterling,GBP,Jamestown,Africa,Western Africa,Africa,English,https://goo.gl/maps/iv4VxnPzHkjLCJuc6,53192,,
Palestine,State of Palestine,False,Egyptian pound,EGP,Ramallah,Asia,Western Asia,Asia,Arabic,https://goo.gl/maps/QvTbkRdmdWEoYAmt5,4803269,33.7,2016
Cuba,Republic of Cuba,True,Cuban convertible peso,CUC,Havana,Americas,Caribbean,North America,Spanish,https://goo.gl/maps/1dDw1QfZspfMUTm99,11326616,,
Hungary,Hungary,True,Hungarian forint,HUF,Budapest,Europe,Central Europe,Europe,Hungarian,https://goo.gl/maps/9gfPupm5bffixiFJ6,9749763,29.6,2018
Micronesia,Federated States of Micronesia,True,United States dollar,USD,Palikir,Oceania,Micronesia,Oceania,English,https://goo.gl/maps/LLcnofC5LxZsJXTo8,115021,40.1,2013
Belize,Belize,True,Belize dollar,BZD,Belmopan,Americas,Central America,North America,Belizean Creole,https://goo.gl/maps/jdCccpdLodm1uTmo9,397621,53.3,1999
Bahamas,Commonwealth of the Bahamas,True,Bahamian dollar,BSD,Nassau,Americas,Caribbean,North America,English,https://goo.gl/maps/1YzRs1BZrG8p8pmVA,393248,,
Aruba,Aruba,False,Aruban florin,AWG,Oranjestad,Americas,Caribbean,North America,Dutch,https://goo.gl/maps/8hopbQqifHAgyZyg8,106766,,
São Tomé and Príncipe,Democratic Republic of São Tomé and Príncipe,True,São Tomé and Príncipe dobra,STN,São Tomé,Africa,Middle Africa,Africa,Portuguese,https://goo.gl/maps/9EUppm13RtPX9oF46,219161,56.3,2017
Russia,Russian Federation,True,Russian ruble,RUB,Moscow,Europe,Eastern Europe,Europe,Russian,https://goo.gl/maps/4F4PpDhGJgVvLby57,144104080,37.5,2018
Luxembourg,Grand Duchy of Luxembourg,True,Euro,EUR,Luxembourg,Europe,Western Europe,Europe,German,https://goo.gl/maps/L6b2AgndgHprt2Ko9,632275,35.4,2018
Faroe Islands,Faroe Islands,False,Danish krone,DKK,Tórshavn,Europe,Northern Europe,Europe,Danish,https://goo.gl/maps/6sTru4SmHdEVcNkM6,48865,,
Nicaragua,Republic of Nicaragua,True,Nicaraguan córdoba,NIO,Managua,Americas,Central America,North America,Spanish,https://goo.gl/maps/P77LaEVkKJKXneRC6,6624554,46.2,2014
Tunisia,Tunisian Republic,True,Tunisian dinar,TND,Tunis,Africa,Northern Africa,Africa,Arabic,https://goo.gl/maps/KgUmpZdUuNRaougs8,11818618,32.8,2015
DR Congo,Democratic Republic of the Congo,True,Congolese franc,CDF,Kinshasa,Africa,Middle Africa,Africa,French,https://goo.gl/maps/KfhNVn6VqdZXWu8n9,108407721,42.1,2012
Svalbard and Jan Mayen,Svalbard og Jan Mayen,False,krone,NOK,Longyearbyen,Europe,Northern Europe,Europe,Norwegian,https://goo.gl/maps/L2wyyn3cQ16PzQ5J8,2562,,
South Africa,Republic of South Africa,True,South African rand,ZAR,Pretoria,Africa,Southern Africa,Africa,Afrikaans,https://goo.gl/maps/CLCZ1R8Uz1KpYhRv6,59308690,63.0,2014
Sierra Leone,Republic of Sierra Leone,True,Sierra Leonean leone,SLL,Freetown,Africa,Western Africa,Africa,English,https://goo.gl/maps/jhacar85oq9QaeKB7,7976985,35.7,2018
Lesotho,Kingdom of Lesotho,True,Lesotho loti,LSL,Maseru,Africa,Southern Africa,Africa,English,https://goo.gl/maps/H8gJi5mL4Cmd1SF28,2142252,44.9,2017
South Georgia,South Georgia and the South Sandwich Islands,False,Saint Helena pound,SHP,King Edward Point,Antarctic,,Antarctica,English,https://goo.gl/maps/mJzdaBwKBbm2B81q9,30,,
Italy,Italian Republic,True,Euro,EUR,Rome,Europe,Southern Europe,Europe,Italian,https://goo.gl/maps/8M1K27TDj7StTRTq8,59554023,35.9,2017
Djibouti,Republic of Djibouti,True,Djiboutian franc,DJF,Djibouti,Africa,Eastern Africa,Africa,Arabic,https://goo.gl/maps/V1HWfzN3bS1kwf4C6,988002,41.6,2017
Heard Island and McDonald Islands,Heard Island and McDonald Islands,False,,,,Antarctic,,Antarctica,English,https://goo.gl/maps/k5FBAiVaVyozuYeA7,0,,
Sri Lanka,Democratic Socialist Republic of Sri Lanka,True,Sri Lankan rupee,LKR,Sri Jayawardenepura Kotte,Asia,Southern Asia,Asia,Sinhala,https://goo.gl/maps/VkPHoeFSfgzRQCDv8,21919000,39.3,2016
Saint Lucia,Saint Lucia,True,Eastern Caribbean dollar,XCD,Castries,Americas,Caribbean,North America,English,https://goo.gl/maps/4HhJ2jkPdSL9BPRcA,183629,51.2,2016
Samoa,Independent State of Samoa,True,Samoan tālā,WST,Apia,Oceania,Polynesia,Oceania,English,https://goo.gl/maps/CFC9fEFP9cfkYUBF9,198410,38.7,2013
Cocos (Keeling) Islands,Territory of the Cocos (Keeling) Islands,False,Australian dollar,AUD,West Island,Oceania,Australia and New Zealand,Asia,English,https://goo.gl/maps/3eCdKVpVfMcZyKcK6,544,,
Puerto Rico,Commonwealth of Puerto Rico,False,United States dollar,USD,San Juan,Americas,Caribbean,North America,English,https://goo.gl/maps/sygfDbtwn389wu8x5,3194034,,
Gabon,Gabonese Republic,True,Central African CFA franc,XAF,Libreville,Africa,Middle Africa,Africa,French,https://goo.gl/maps/vyRSkqw1H1fnq4ry6,2225728,38.0,2017
Turkmenistan,Turkmenistan,True,Turkmenistan manat,TMT,Ashgabat,Asia,Central Asia,Asia,Russian,https://goo.gl/maps/cgfUcaQHSWKuqeKk9,6031187,40.8,1998
Latvia,Republic of Latvia,True,Euro,EUR,Riga,Europe,Northern Europe,Europe,Latvian,https://goo.gl/maps/iQpUkH7ghq31ZtXe9,1901548,35.1,2018
Senegal,Republic of Senegal,True,West African CFA franc,XOF,Dakar,Africa,Western Africa,Africa,French,https://goo.gl/maps/o5f1uD5nyihCL3HCA,16743930,40.3,2011
Belgium,Kingdom of Belgium,True,Euro,EUR,Brussels,Europe,Western Europe,Europe,German,https://goo.gl/maps/UQQzat85TCtPRXAL8,11555997,27.2,2018
Moldova,Republic of Moldova,True,Moldovan leu,MDL,Chișinău,Europe,Eastern Europe,Europe,Romanian,https://goo.gl/maps/JjmyUuULujnDeFPf7,2617820,25.7,2018
Liechtenstein,Principality of Liechtenstein,True,Swiss franc,CHF,Vaduz,Europe,Western Europe,Europe,German,https://goo.gl/maps/KNuHeiJzAPodwM7y6,38137,,
Malawi,Republic of Malawi,True,Malawian kwacha,MWK,Lilongwe,Africa,Eastern Africa,Africa,English,https://goo.gl/maps/mc6z83pW9m98X2Ef6,19129955,44.7,2016
Lebanon,Lebanese Republic,True,Lebanese pound,LBP,Beirut,Asia,Western Asia,Asia,Arabic,https://goo.gl/maps/Sz5VCU8UFBqMyTdc9,6825442,31.8,2011
Mongolia,Mongolia,True,Mongolian tögrög,MNT,Ulan Bator,Asia,Eastern Asia,Asia,Mongolian,https://goo.gl/maps/A1X7bMCKThBDNjzH6,3278292,32.7,2018
Norway,Kingdom of Norway,True,Norwegian krone,NOK,Oslo,Europe,Northern Europe,Europe,Norwegian Nynorsk,https://goo.gl/maps/htWRrphA7vNgQNdSA,5379475,27.6,2018
British Virgin Islands,Virgin Islands,False,United States dollar,USD,Road Town,Americas,Caribbean,North America,English,https://goo.gl/maps/49C9cSesNVAR9DQk8,30237,,
Cameroon,Republic of Cameroon,True,Central African CFA franc,XAF,Yaoundé,Africa,Middle Africa,Africa,English,https://goo.gl/maps/JqiipHgFboG3rBJh9,26545864,46.6,2014
Thailand,Kingdom of Thailand,True,Thai baht,THB,Bangkok,Asia,South-Eastern Asia,Asia,Thai,https://goo.gl/maps/qeU6uqsfW4nCCwzw9,69799978,34.9,2019
Nigeria,Federal Republic of Nigeria,True,Nigerian naira,NGN,Abuja,Africa,Western Africa,Africa,English,https://goo.gl/maps/LTn417qWwBPFszuV9,206139587,35.1,2018
Réunion,Réunion Island,False,Euro,EUR,Saint-Denis,Africa,Eastern Africa,Africa,French,https://goo.gl/maps/wWpBrXsp8UHVbah29,840974,,
Cape Verde,Republic of Cabo Verde,True,Cape Verdean escudo,CVE,Praia,Africa,Western Africa,Africa,Portuguese,https://goo.gl/maps/Kc9vy5ChjuiAgMfXA,555988,42.4,2015
Jersey,Bailiwick of Jersey,False,British pound,GBP,Saint Helier,Europe,Northern Europe,Europe,English,https://goo.gl/maps/rXG8GZZtsqK92kTCA,100800,,
Algeria,People's Democratic Republic of Algeria,True,Algerian dinar,DZD,Algiers,Africa,Northern Africa,Africa,Arabic,https://goo.gl/maps/RsAyAfyaiNVb8DpW8,44700000,27.6,2011
Laos,Lao People's Democratic Republic,True,Lao kip,LAK,Vientiane,Asia,South-Eastern Asia,Asia,Lao,https://goo.gl/maps/F3asVB7sRKgSnwbE7,7275556,38.8,2018
Caribbean Netherlands,"Bonaire, Sint Eustatius and Saba",False,United States dollar,USD,Kralendijk,Americas,Caribbean,North America,English,https://goo.gl/maps/4XVes1P6uEDTz77WA,25987,,
Azerbaijan,Republic of Azerbaijan,True,Azerbaijani manat,AZN,Baku,Asia,Western Asia,Asia,Azerbaijani,https://goo.gl/maps/az3Zz7ar2aoB9AUc6,10110116,26.6,2005
Sint Maarten,Sint Maarten,False,Netherlands Antillean guilder,ANG,Philipsburg,Americas,Caribbean,North America,English,https://goo.gl/maps/DjvcESy1a1oGEZuNA,40812,,
Morocco,Kingdom of Morocco,True,Moroccan dirham,MAD,Rabat,Africa,Northern Africa,Africa,Arabic,https://goo.gl/maps/6oMv3dyBZg3iaXQ5A,36910558,39.5,2013
Åland Islands,Åland Islands,False,Euro,EUR,Mariehamn,Europe,Northern Europe,Europe,Swedish,https://goo.gl/maps/ewFb3vYsfUmVCoSb8,29458,,
Bulgaria,Republic of Bulgaria,True,Bulgarian lev,BGN,Sofia,Europe,Southeast Europe,Europe,Bulgarian,https://goo.gl/maps/F5uAhDGWzc3BrHfm9,6927288,41.3,2018
Burundi,Republic of Burundi,True,Burundian franc,BIF,Gitega,Africa,Eastern Africa,Africa,French,https://goo.gl/maps/RXPWoRrB9tfrJpUG7,11890781,38.6,2013
Uganda,Republic of Uganda,True,Ugandan shilling,UGX,Kampala,Africa,Eastern Africa,Africa,English,https://goo.gl/maps/Y7812hFiGa8LD9N68,45741000,42.8,2016
Kosovo,Republic of Kosovo,,Euro,EUR,Pristina,Europe,Southeast Europe,Europe,Albanian,https://goo.gl/maps/CSC4Yc8SWPgburuD9,1775378,29.0,2017
Mozambique,Republic of Mozambique,True,Mozambican metical,MZN,Maputo,Africa,Eastern Africa,Africa,Portuguese,https://goo.gl/maps/xCLcY9fzU6x4Pueu5,31255435,54.0,2014
Georgia,Georgia,True,lari,GEL,Tbilisi,Asia,Western Asia,Asia,Georgian,https://goo.gl/maps/bvCaGBePR1ZEDK5cA,3714000,35.9,2019
United Kingdom,United Kingdom of Great Britain and Northern Ireland,True,British pound,GBP,London,Europe,Northern Europe,Europe,English,https://goo.gl/maps/FoDtc3UKMkFsXAjHA,67215293,35.1,2017
Wallis and Futuna,Territory of the Wallis and Futuna Islands,False,CFP franc,XPF,Mata-Utu,Oceania,Polynesia,Oceania,French,https://goo.gl/maps/CzVqK74QYtbHv65r5,11750,,
Pitcairn Islands,Pitcairn Group of Islands,False,New Zealand dollar,NZD,Adamstown,Oceania,Polynesia,Oceania,English,https://goo.gl/maps/XGJMnMAigXjXcxSa7,56,,
Romania,Romania,True,Romanian leu,RON,Bucharest,Europe,Southeast Europe,Europe,Romanian,https://goo.gl/maps/845hAgCf1mDkN3vr7,19286123,35.8,2018
Vietnam,Socialist Republic of Vietnam,True,Vietnamese đồng,VND,Hanoi,Asia,South-Eastern Asia,Asia,Vietnamese,https://goo.gl/maps/PCpVt9WzdJ9A9nEZ9,97338583,35.7,2018
French Southern and Antarctic Lands,Territory of the French Southern and Antarctic Lands,False,Euro,EUR,Port-aux-Français,Antarctic,,Antarctica,French,https://goo.gl/maps/6ua6CX1m4w1xF2Em7,400,,
Western Sahara,Sahrawi Arab Democratic Republic,False,Algerian dinar,DZD,El Aaiún,Africa,Northern Africa,Africa,Berber,https://goo.gl/maps/7nU3mB69vP6zQp7A8,510713,,
Japan,Japan,True,Japanese yen,JPY,Tokyo,Asia,Eastern Asia,Asia,Japanese,https://goo.gl/maps/NGTLSCSrA8bMrvnX9,125836021,32.9,2013
Egypt,Arab Republic of Egypt,True,Egyptian pound,EGP,Cairo,Africa,Northern Africa,Africa,Arabic,https://goo.gl/maps/uoDRhXbsqjG6L7VG7,102334403,31.5,2017
Liberia,Republic of Liberia,True,Liberian dollar,LRD,Monrovia,Africa,Western Africa,Africa,English,https://goo.gl/maps/4VsHsc2oeGeRL3wg6,5057677,35.3,2016
Lithuania,Republic of Lithuania,True,Euro,EUR,Vilnius,Europe,Northern Europe,Europe,Lithuanian,https://goo.gl/maps/dd1s9rrLjrK2G8yY6,2794700,35.7,2018
Haiti,Republic of Haiti,True,Haitian gourde,HTG,Port-au-Prince,Americas,Caribbean,North America,French,https://goo.gl/maps/9o13xtjuUdqFnHbn9,11402533,41.1,2012
United States Virgin Islands,Virgin Islands of the United States,False,United States dollar,USD,Charlotte Amalie,Americas,Caribbean,North America,English,https://goo.gl/maps/mBfreywj8dor6q4m9,106290,,
Papua New Guinea,Independent State of Papua New Guinea,True,Papua New Guinean kina,PGK,Port Moresby,Oceania,Melanesia,Oceania,English,https://goo.gl/maps/ChGmzZBjZ3vnBwR2A,8947027,41.9,2009
Hong Kong,Hong Kong Special Administrative Region of the People's Republic of China,False,Hong Kong dollar,HKD,City of Victoria,Asia,Eastern Asia,Asia,English,https://goo.gl/maps/1sEnNmT47ffrC8MU8,7500700,,
Kyrgyzstan,Kyrgyz Republic,True,Kyrgyzstani som,KGS,Bishkek,Asia,Central Asia,Asia,Kyrgyz,https://goo.gl/maps/SKG8BSMMQVvxkRkB7,6591600,29.7,2019
Palau,Republic of Palau,True,United States dollar,USD,Ngerulmud,Oceania,Micronesia,Oceania,English,https://goo.gl/maps/MVasQBbUkQP7qQDR9,18092,,
Madagascar,Republic of Madagascar,True,Malagasy ariary,MGA,Antananarivo,Africa,Eastern Africa,Africa,French,https://goo.gl/maps/AHQh2ABBaFW6Ngj26,27691019,42.6,2012
Gambia,Republic of the Gambia,True,dalasi,GMD,Banjul,Africa,Western Africa,Africa,English,https://goo.gl/maps/bbGBCxxtfD2A9Z4m6,2416664,35.9,2015
Togo,Togolese Republic,True,West African CFA franc,XOF,Lomé,Africa,Western Africa,Africa,French,https://goo.gl/maps/jzAa9feXuXPrKVb89,8278737,43.1,2015
Tokelau,Tokelau,False,New Zealand dollar,NZD,Fakaofo,Oceania,Polynesia,Oceania,English,https://goo.gl/maps/Ap5qN8qien6pT9UN6,1411,,
Slovenia,Republic of Slovenia,True,Euro,EUR,Ljubljana,Europe,Central Europe,Europe,Slovene,https://goo.gl/maps/7zgFmswcCJh5L5D49,2100126,24.6,2018
Singapore,Republic of Singapore,True,Singapore dollar,SGD,Singapore,Asia,South-Eastern Asia,Asia,Chinese,https://goo.gl/maps/QbQt9Y9b5KFzsahV6,5685807,,
French Guiana,Guiana,False,Euro,EUR,Cayenne,Americas,South America,South America,French,https://goo.gl/maps/NJawFwMzG7YtCrVP7,254541,,
United States,United States of America,True,United States dollar,USD,"Washington, D.C.",Americas,North America,North America,English,https://goo.gl/maps/e8M246zY4BSjkjAv6,329484123,41.4,2018
Montserrat,Montserrat,False,Eastern Caribbean dollar,XCD,Plymouth,Americas,Caribbean,North America,English,https://goo.gl/maps/CSbe7UmxPmiwQB7GA,4922,,
Malaysia,Malaysia,True,Malaysian ringgit,MYR,Kuala Lumpur,Asia,South-Eastern Asia,Asia,English,https://goo.gl/maps/qrY1PNeUXGyXDcPy6,32365998,41.1,2015
Germany,Federal Republic of Germany,True,Euro,EUR,Berlin,Europe,Western Europe,Europe,German,https://goo.gl/maps/mD9FBMq1nvXUBrkv6,83240525,31.9,2016
Antigua and Barbuda,Antigua and Barbuda,True,Eastern Caribbean dollar,XCD,Saint John's,Americas,Caribbean,North America,English,https://goo.gl/maps/fnye4wGJ1RzC9jpX9,97928,,
Saint Martin,Saint Martin,False,Euro,EUR,Marigot,Americas,Caribbean,North America,French,https://goo.gl/maps/P9ho9QuJ9EAR28JEA,38659,,
Somalia,Federal Republic of Somalia,True,Somali shilling,SOS,Mogadishu,Africa,Eastern Africa,Africa,Arabic,https://goo.gl/maps/8of8q7D1a8p7R6Fc9,15893219,36.8,2017
Macau,Macao Special Administrative Region of the People's Republic of China,False,Macanese pataca,MOP,,Asia,Eastern Asia,Asia,Portuguese,https://goo.gl/maps/whymRdk3dZFfAAs4A,649342,,
Albania,Republic of Albania,True,Albanian lek,ALL,Tirana,Europe,Southeast Europe,Europe,Albanian,https://goo.gl/maps/BzN9cTuj68ZA8SyZ8,2837743,33.2,2017
Mayotte,Department of Mayotte,False,Euro,EUR,Mamoudzou,Africa,Eastern Africa,Africa,French,https://goo.gl/maps/1e7MXmfBwQv3TQGF7,226915,,
Dominica,Commonwealth of Dominica,True,Eastern Caribbean dollar,XCD,Roseau,Americas,Caribbean,North America,English,https://goo.gl/maps/HSKdHYpFC8oHHuyV7,71991,,
Zambia,Republic of Zambia,True,Zambian kwacha,ZMW,Lusaka,Africa,Eastern Africa,Africa,English,https://goo.gl/maps/mweBcqvW8TppZW6q9,18383956,57.1,2015
Anguilla,Anguilla,False,Eastern Caribbean dollar,XCD,The Valley,Americas,Caribbean,North America,English,https://goo.gl/maps/3KgLnEyN7amdno2p9,13452,,
Cook Islands,Cook Islands,False,Cook Islands dollar,CKD,Avarua,Oceania,Polynesia,Oceania,English,https://goo.gl/maps/nrGZrvWRGB4WHgDC9,18100,,
Martinique,Martinique,False,Euro,EUR,Fort-de-France,Americas,Caribbean,North America,French,https://goo.gl/maps/87ER7sDAFU7JjcvR6,378243,,
Guinea,Republic of Guinea,True,Guinean franc,GNF,Conakry,Africa,Western Africa,Africa,French,https://goo.gl/maps/8J5oM5sA4Ayr1ZYGA,13132792,33.7,2012
Comoros,Union of the Comoros,True,Comorian franc,KMF,Moroni,Africa,Eastern Africa,Africa,Arabic,https://goo.gl/maps/eas4GP28C1GyStnu6,869595,45.3,2014
Niue,Niue,False,New Zealand dollar,NZD,Alofi,Oceania,Polynesia,Oceania,English,https://goo.gl/maps/xFgdzs3E55Rk1y8P9,1470,,
Switzerland,Swiss Confederation,True,Swiss franc,CHF,Bern,Europe,Western Europe,Europe,French,https://goo.gl/maps/uVuZcXaxSx5jLyEC9,8654622,33.1,2018
Norfolk Island,Territory of Norfolk Island,False,Australian dollar,AUD,Kingston,Oceania,Australia and New Zealand,Oceania,English,https://goo.gl/maps/pbvtm6XYd1iZbjky5,2302,,
Isle of Man,Isle of Man,False,British pound,GBP,Douglas,Europe,Northern Europe,Europe,English,https://goo.gl/maps/4DqVHDgVaFgnh8ZV8,85032,,
Sudan,Republic of the Sudan,True,Sudanese pound,SDG,Khartoum,Africa,Northern Africa,Africa,Arabic,https://goo.gl/maps/bNW7YUJCaqR8zcXn7,43849269,34.2,2014
Tajikistan,Republic of Tajikistan,True,Tajikistani somoni,TJS,Dushanbe,Asia,Central Asia,Asia,Russian,https://goo.gl/maps/8rQgW88jEXijhVb58,9537642,34.0,2015
Uruguay,Oriental Republic of Uruguay,True,Uruguayan peso,UYU,Montevideo,Americas,South America,South America,Spanish,https://goo.gl/maps/tiQ9Baekb1jQtDSD9,3473727,39.7,2019
Cyprus,Republic of Cyprus,True,Euro,EUR,Nicosia,Europe,Southern Europe,Europe,Greek,https://goo.gl/maps/77hPBRdLid8yD5Bm7,1207361,32.7,2018
Guinea-Bissau,Republic of Guinea-Bissau,True,West African CFA franc,XOF,Bissau,Africa,Western Africa,Africa,Portuguese,https://goo.gl/maps/5Wyaz17miUc1zLc67,1967998,50.7,2010
